Premier League score is, 0.6041054792357513
LaLiga score is, 0.8
Serie A score is, 0.5403828197945849
Bundesliga score is, 0.531043470166621
Ligue 1 score is, 0.6926977372958362
Liga Bwin score is, 1.0
Eredivisie score is, 1.0
Bundesliga score is, 0.5057471264367834
Premiership score is, 0.5057471264367834
Premier Liga score is, 0.8734130372900716
Premier Liga score is, 0.8734130372900716
Super liga Srbije score is, 0.7140096618357546
Jupiler Pro League score is, 1.0
Super League score is, 1.0
Protathlima Cyta score is, 0.5057471264367834
1.HNL score is, 0.5403828197945835
Fortuna Liga score is, 0.8734130372900716
Super Lig score is, 1.0
Super League 1 score is, 0.5057471264367834
Superligaen score is, 0.5057471264367834
Eliteserien score is, 0.8434674958254214
Ligat ha'Al score is, 0.5057471264367834
Allsvenskan score is, 0.7140096618357546
efbet Liga score is, 0.5057471264367834
Premyer Liqa score is, 0.97034078807242
Liga 1 score is, 0.7140096618357546
Ekstraklasa score is, 1.0
NB I. score is, 0.9248363528865283
Fortuna Liga score is, 0.5057471264367834
Premier Liga score is, 0.5057471264367834
Prva Liga score is, 0.6908378245957848
Vysheyshaya Liga score is, 0.7140096618357546
Divizia Nationala score is, 0.8463231347289373
A Lyga score is, 0.6908378245957848
Premijer Liga score is, 0.5057471264367834
Veikkausliiga score is, 0.5057471264367834
BGL Ligue score is, 1.0
Virsliga score is, 0.5321408915795232
BKT Superliga e Kosovës score is, 0.5057471264367834
Premier Division score is, 0.6908378245957848
Premiership score is, 0.5057471264367834
Kategoria Superiore score is, 0.6908378245957848
Bardzragujn khumb score is, 0.6908378245957848
Betri-deildin score is, 1.0
Premium Liiga score is, 1.0
Premier League score is, 0.5057471264367834
Crystalbet Erovnuli Liga score is, 0.6908378245957848
Prva liga score is, 0.5057471264367834
Cymru Premier score is, 0.5057471264367834
Gibraltar National League score is, 1.0
Pepsi Max deild score is, 0.5057471264367834
1. CFL score is, 0.6908378245957848
Primera Divisió score is, 0.5057471264367834
Camp. Sammarinese score is, 0.5057471264367834